{
  "0": 1.4104756195588495,
  "1": 0.484716750123488,
  "2": 4.386758474576271
}